<?xml version="1.0" encoding="UTF-8"?>

<beans xmlns="http://www.springframework.org/schema/beans"
	xmlns:xsi="http://www.w3.org/2001/XMLSchema-instance"
	xsi:schemaLocation="
        http://www.springframework.org/schema/beans http://www.springframework.org/schema/beans/spring-beans.xsd">


	<bean id="itemCategory" class="com.java.Item.ItemCategory">
		<property name="ItemName" value="jeans"></property>
	</bean>
	
	<bean id="item" class="com.java.Item.Item">
		<property name="itemId" value="101"></property>
		<property name="itemName" value="Cloth"></property>
		<property name="ic" ref="itemCategory"></property>
	</bean>


</beans>

