<?xml version="1.0" encoding="UTF-8"?>

<beans xmlns="http://www.springframework.org/schema/beans"
	xmlns:xsi="http://www.w3.org/2001/XMLSchema-instance"
	xsi:schemaLocation="
        http://www.springframework.org/schema/beans http://www.springframework.org/schema/beans/spring-beans.xsd">


<bean id="answer" class="com.java.questionAnswer.Answer">
<property name="ans">
		<list>
			<value>1)Random Access memory</value>
			<value>2)Read Access memory</value>
			<value>3)Random Avoid memory</value>
			<value>4)Read Avoid memory</value>
		</list>

</property>

</bean>
	
	<bean id="ques" class="com.java.questionAnswer.Question">
		<property name="qid" value="101"></property>
		<property name="Qname" value="what is RAM"></property>
		<property name="answer" ref="answer"></property>
	</bean>


</beans>

