<?xml version="1.0" encoding="UTF-8"?>

<beans xmlns="http://www.springframework.org/schema/beans"
	xmlns:xsi="http://www.w3.org/2001/XMLSchema-instance" 
	xmlns:context="http://www.springframework.org/schema/context"
	xmlns:aop="http://www.springframework.org/schema/aop"
	xsi:schemaLocation="http://www.springframework.org/schema/beans
	http://www.springframework.org/schema/beans/spring-beans-4.3.xsd
	http://www.springframework.org/schema/context
	http://www.springframework.org/schema/context/spring-context-4.3.xsd">

<bean id="dcobj" class="org.springframework.jdbc.datasource.DriverManagerDataSource">
<property name="driverClassName" value="com.mysql.cj.jdbc.Driver"></property>
<property name="url" value="jdbc:mysql://localhost:3306/Spring_Training"></property>
<property name="username" value="root"></property>
<property name="password" value="root"></property>
</bean> 
<bean id="jdbcTemplate" class="org.springframework.jdbc.core.JdbcTemplate">
<property name="dataSource" ref="dcobj"></property>
</bean>
<bean id="DAOBJ" class="com.yash.ItemDao">
  <property name="jdbcTemplate" ref="jdbcTemplate"></property>
</bean>
<bean id="ICOBJ" class="com.yash.ItemCategoryDao">
  <property name="jdbcTemplate" ref="jdbcTemplate"></property>
</bean>
</beans>